id,name,community,tags,signup_date
1,User1,Block A,"events,shopping,view",2025-03-30
2,User2,Block B,"movies,view,hygiene",2025-08-15
3,User3,Block C,"shopping,view,pets",2025-07-21
4,User4,Block A,"pets,shopping,fitness",2024-09-22
5,User5,Block A,"view,park,events",2025-01-11
6,User6,Block B,"park,hygiene,food",2024-10-31
7,User7,Block C,"view,food,movies",2025-08-11
8,User8,Block B,"shopping,movies,food",2025-07-01
9,User9,Block C,"park,events,shopping",2024-10-09
10,User10,Block C,"fitness,events,shopping",2025-01-02
11,User11,Block A,"hygiene,food,pets",2025-01-01
12,User12,Block D,"food,park,view",2025-04-14
13,User13,Block D,"fitness,events,movies",2024-11-27
14,User14,Block C,"food,fitness,park",2025-03-19
15,User15,Block C,"movies,view,fitness",2025-01-27
16,User16,Block B,"shopping,movies,events",2025-01-11
17,User17,Block A,"shopping,view,events",2024-09-04
18,User18,Block C,"hygiene,fitness,events",2025-06-29
19,User19,Block B,"shopping,movies,pets",2024-10-08
20,User20,Block B,"fitness,shopping,park",2025-05-13
21,User21,Block D,"pets,events,hygiene",2025-08-15
22,User22,Block D,"movies,view,shopping",2024-12-14
23,User23,Block B,"events,movies,fitness",2025-02-14
24,User24,Block D,"hygiene,pets,view",2024-12-28
25,User25,Block B,"movies,pets,food",2024-09-02
26,User26,Block C,"movies,park,shopping",2025-02-08
27,User27,Block D,"park,hygiene,movies",2024-08-20
28,User28,Block C,"pets,park,view",2024-11-03
29,User29,Block B,"hygiene,pets,movies",2025-02-16
30,User30,Block A,"view,events,park",2025-04-19
31,User31,Block D,"events,food,fitness",2025-03-19
32,User32,Block B,"park,movies,view",2025-03-11
33,User33,Block A,"hygiene,pets,movies",2025-01-24
34,User34,Block D,"park,shopping,hygiene",2025-03-12
35,User35,Block B,"hygiene,park,events",2025-01-27
36,User36,Block D,"pets,fitness,view",2024-10-14
37,User37,Block A,"pets,view,food",2025-01-20
38,User38,Block A,"food,pets,hygiene",2025-03-21
39,User39,Block C,"pets,fitness,events",2025-03-05
40,User40,Block C,"food,movies,hygiene",2025-06-20
41,User41,Block C,"food,pets,movies",2025-06-18
42,User42,Block A,"pets,fitness,shopping",2024-11-04
43,User43,Block A,"park,food,events",2025-03-25
44,User44,Block B,"pets,view,hygiene",2024-09-21
45,User45,Block D,"movies,park,food",2025-06-12
46,User46,Block D,"view,events,shopping",2024-11-17
47,User47,Block D,"pets,food,movies",2025-05-27
48,User48,Block A,"park,movies,fitness",2025-07-02
49,User49,Block B,"pets,park,shopping",2024-11-24
50,User50,Block D,"movies,hygiene,pets",2025-08-07
51,User51,Block C,"pets,park,view",2025-01-15
52,User52,Block D,"fitness,hygiene,pets",2024-10-13
53,User53,Block D,"view,shopping,hygiene",2025-08-15
54,User54,Block A,"view,events,shopping",2024-10-06
55,User55,Block D,"food,fitness,events",2024-12-06
56,User56,Block C,"events,fitness,view",2024-11-08
57,User57,Block B,"park,hygiene,fitness",2025-07-29
58,User58,Block D,"view,shopping,hygiene",2025-05-02
59,User59,Block D,"pets,events,park",2025-06-13
60,User60,Block B,"events,park,view",2024-09-25
61,User61,Block D,"view,shopping,movies",2024-12-06
62,User62,Block C,"fitness,pets,park",2025-02-16
63,User63,Block D,"events,food,hygiene",2024-12-26
64,User64,Block B,"events,shopping,view",2024-11-08
65,User65,Block B,"pets,hygiene,fitness",2024-12-31
66,User66,Block C,"park,pets,shopping",2025-02-05
67,User67,Block C,"pets,view,shopping",2024-10-11
68,User68,Block C,"food,fitness,events",2025-06-07
69,User69,Block D,"pets,hygiene,view",2024-12-01
70,User70,Block A,"events,view,shopping",2025-01-05
71,User71,Block A,"food,movies,view",2024-10-25
72,User72,Block A,"events,shopping,food",2024-11-30
73,User73,Block B,"hygiene,shopping,view",2025-01-18
74,User74,Block D,"fitness,pets,park",2025-01-21
75,User75,Block A,"view,hygiene,movies",2025-07-28
76,User76,Block C,"shopping,food,movies",2024-09-11
77,User77,Block D,"fitness,view,food",2025-02-23
78,User78,Block D,"hygiene,shopping,food",2024-12-18
79,User79,Block A,"shopping,fitness,view",2025-03-26
80,User80,Block B,"hygiene,food,movies",2025-07-14
81,User81,Block A,"park,hygiene,events",2024-10-20
82,User82,Block B,"view,movies,park",2024-09-20
83,User83,Block A,"events,pets,fitness",2025-07-30
84,User84,Block C,"events,food,view",2024-09-15
85,User85,Block A,"view,food,park",2025-03-30
86,User86,Block C,"hygiene,pets,events",2025-07-08
87,User87,Block A,"pets,park,view",2025-07-15
88,User88,Block D,"hygiene,movies,events",2025-06-22
89,User89,Block B,"pets,fitness,movies",2025-02-26
90,User90,Block A,"shopping,events,park",2025-01-06
91,User91,Block A,"hygiene,shopping,fitness",2025-01-24
92,User92,Block C,"fitness,shopping,pets",2024-08-27
93,User93,Block B,"fitness,park,hygiene",2024-11-21
94,User94,Block A,"movies,fitness,shopping",2025-06-05
95,User95,Block A,"shopping,pets,view",2025-01-04
96,User96,Block A,"food,shopping,fitness",2025-08-10
97,User97,Block B,"park,hygiene,shopping",2025-06-02
98,User98,Block A,"movies,events,park",2025-07-07
99,User99,Block C,"pets,hygiene,shopping",2024-08-18
100,User100,Block D,"food,events,shopping",2025-06-17
101,User101,Block A,"shopping,pets,hygiene",2025-05-29
102,User102,Block A,"park,food,hygiene",2025-06-21
103,User103,Block A,"view,hygiene,pets",2024-10-14
104,User104,Block C,"shopping,food,movies",2024-11-18
105,User105,Block C,"pets,park,food",2025-01-27
106,User106,Block B,"movies,events,fitness",2025-02-24
107,User107,Block B,"park,hygiene,shopping",2025-02-14
108,User108,Block B,"pets,movies,food",2025-05-10
109,User109,Block A,"view,movies,shopping",2024-11-16
110,User110,Block D,"food,pets,shopping",2025-06-24
111,User111,Block D,"pets,fitness,shopping",2025-01-08
112,User112,Block A,"shopping,food,movies",2024-12-02
113,User113,Block C,"fitness,park,view",2025-06-22
114,User114,Block D,"food,park,hygiene",2024-11-15
115,User115,Block A,"view,fitness,shopping",2025-01-29
116,User116,Block C,"view,food,movies",2024-09-30
117,User117,Block C,"shopping,hygiene,park",2025-05-12
118,User118,Block B,"pets,view,hygiene",2024-09-13
119,User119,Block A,"shopping,hygiene,fitness",2024-12-29
120,User120,Block A,"food,view,shopping",2024-09-10
121,User121,Block A,"pets,shopping,park",2025-06-16
122,User122,Block B,"park,shopping,events",2024-09-03
123,User123,Block A,"pets,food,movies",2025-05-06
124,User124,Block A,"movies,pets,park",2024-12-16
125,User125,Block D,"events,fitness,hygiene",2025-05-08
126,User126,Block C,"food,events,pets",2024-12-12
127,User127,Block A,"food,view,park",2024-09-30
128,User128,Block B,"movies,fitness,park",2025-05-22
129,User129,Block D,"view,fitness,shopping",2025-04-03
130,User130,Block C,"shopping,park,hygiene",2024-08-29
131,User131,Block D,"food,events,hygiene",2025-06-06
132,User132,Block A,"shopping,hygiene,view",2024-12-19
133,User133,Block D,"hygiene,view,pets",2025-05-31
134,User134,Block C,"view,food,pets",2024-12-18
135,User135,Block D,"hygiene,view,pets",2025-02-15
136,User136,Block C,"pets,movies,view",2024-12-26
137,User137,Block A,"food,events,view",2025-04-03
138,User138,Block D,"pets,hygiene,food",2024-10-18
139,User139,Block C,"food,park,movies",2025-04-06
140,User140,Block C,"movies,park,events",2025-08-04
141,User141,Block D,"movies,park,events",2025-06-11
142,User142,Block B,"food,fitness,events",2024-11-20
143,User143,Block B,"hygiene,pets,shopping",2024-09-15
144,User144,Block C,"pets,events,food",2025-08-13
145,User145,Block D,"food,view,movies",2025-03-29
146,User146,Block A,"movies,fitness,pets",2024-11-04
147,User147,Block D,"events,view,shopping",2025-04-16
148,User148,Block D,"movies,fitness,park",2024-11-30
149,User149,Block C,"movies,food,events",2025-01-14
150,User150,Block A,"food,movies,hygiene",2025-07-13
151,User151,Block A,"pets,fitness,events",2025-02-20
152,User152,Block B,"pets,view,fitness",2025-06-06
153,User153,Block B,"shopping,pets,hygiene",2025-03-19
154,User154,Block A,"pets,hygiene,movies",2024-10-13
155,User155,Block D,"park,events,movies",2025-05-20
156,User156,Block C,"hygiene,view,park",2024-08-21
157,User157,Block D,"park,events,pets",2024-10-14
158,User158,Block D,"events,pets,park",2024-12-26
159,User159,Block A,"food,view,movies",2025-05-16
160,User160,Block B,"events,pets,movies",2025-01-29
161,User161,Block B,"fitness,events,park",2025-06-23
162,User162,Block B,"fitness,shopping,hygiene",2025-02-17
163,User163,Block B,"events,park,view",2025-06-17
164,User164,Block B,"park,events,view",2025-01-04
165,User165,Block A,"fitness,hygiene,events",2025-03-09
166,User166,Block B,"food,events,pets",2025-01-17
167,User167,Block A,"park,shopping,pets",2025-04-18
168,User168,Block B,"park,events,food",2024-11-07
169,User169,Block A,"pets,food,view",2024-09-03
170,User170,Block D,"food,hygiene,shopping",2025-05-01
171,User171,Block C,"food,events,pets",2025-06-20
172,User172,Block C,"events,hygiene,view",2025-02-28
173,User173,Block C,"view,events,pets",2025-07-01
174,User174,Block A,"events,movies,shopping",2025-08-14
175,User175,Block B,"events,view,hygiene",2025-06-10
176,User176,Block A,"pets,hygiene,events",2024-11-17
177,User177,Block C,"park,shopping,movies",2024-08-23
178,User178,Block D,"hygiene,pets,park",2024-11-11
179,User179,Block B,"events,shopping,fitness",2025-04-25
180,User180,Block A,"movies,shopping,fitness",2025-02-11
181,User181,Block B,"events,movies,shopping",2025-05-05
182,User182,Block B,"movies,shopping,hygiene",2025-02-24
183,User183,Block B,"view,movies,events",2025-06-18
184,User184,Block B,"hygiene,pets,park",2025-05-14
185,User185,Block C,"park,movies,hygiene",2025-07-10
186,User186,Block D,"food,pets,hygiene",2025-05-17
187,User187,Block B,"pets,movies,view",2025-02-06
188,User188,Block A,"pets,events,food",2025-03-10
189,User189,Block D,"shopping,movies,view",2025-01-07
190,User190,Block A,"park,movies,shopping",2025-05-11
191,User191,Block C,"park,food,events",2024-11-28
192,User192,Block C,"view,events,shopping",2025-05-06
193,User193,Block A,"fitness,park,view",2025-02-19
194,User194,Block D,"fitness,hygiene,park",2024-09-14
195,User195,Block C,"pets,fitness,hygiene",2025-04-09
196,User196,Block B,"park,movies,food",2024-11-16
197,User197,Block D,"movies,food,view",2024-12-29
198,User198,Block B,"movies,fitness,shopping",2025-07-03
199,User199,Block C,"view,movies,pets",2024-11-30
200,User200,Block D,"food,fitness,pets",2024-09-27
201,User201,Block D,"hygiene,pets,park",2024-08-25
202,User202,Block A,"fitness,food,events",2025-07-17
203,User203,Block C,"fitness,view,food",2024-11-18
204,User204,Block C,"events,fitness,movies",2024-09-10
205,User205,Block B,"events,food,park",2025-04-20
206,User206,Block C,"movies,view,fitness",2024-12-20
207,User207,Block C,"pets,shopping,events",2025-01-15
208,User208,Block D,"view,fitness,pets",2025-08-07
209,User209,Block A,"pets,park,view",2025-01-16
210,User210,Block B,"pets,view,fitness",2024-10-08
211,User211,Block C,"hygiene,park,movies",2025-03-09
212,User212,Block D,"events,movies,food",2025-06-23
213,User213,Block D,"view,shopping,movies",2025-02-20
214,User214,Block C,"view,food,fitness",2025-07-10
215,User215,Block A,"fitness,shopping,park",2024-12-30
216,User216,Block B,"fitness,view,hygiene",2025-05-18
217,User217,Block A,"events,hygiene,fitness",2024-11-04
218,User218,Block C,"view,events,movies",2025-07-03
219,User219,Block A,"park,events,food",2024-10-30
220,User220,Block D,"food,events,pets",2025-05-29
221,User221,Block C,"movies,fitness,events",2025-01-21
222,User222,Block B,"hygiene,fitness,food",2025-07-08
223,User223,Block B,"events,fitness,hygiene",2025-01-15
224,User224,Block D,"food,hygiene,fitness",2024-09-26
225,User225,Block D,"movies,pets,events",2025-02-08
226,User226,Block A,"view,hygiene,fitness",2025-01-15
227,User227,Block D,"shopping,park,fitness",2024-12-14
228,User228,Block A,"events,fitness,shopping",2025-02-11
229,User229,Block A,"park,hygiene,view",2025-03-27
230,User230,Block D,"events,hygiene,view",2025-07-26
231,User231,Block D,"pets,hygiene,food",2024-10-23
232,User232,Block B,"movies,food,view",2025-06-25
233,User233,Block B,"movies,food,events",2025-03-09
234,User234,Block C,"shopping,view,food",2025-02-26
235,User235,Block A,"movies,pets,fitness",2025-07-04
236,User236,Block B,"pets,view,hygiene",2025-06-30
237,User237,Block D,"food,view,hygiene",2024-12-21
238,User238,Block B,"view,hygiene,events",2025-02-28
239,User239,Block C,"events,movies,fitness",2024-09-08
240,User240,Block C,"food,shopping,park",2025-01-25
241,User241,Block C,"events,fitness,hygiene",2025-05-14
242,User242,Block A,"movies,fitness,park",2025-03-12
243,User243,Block C,"view,food,hygiene",2025-08-07
244,User244,Block B,"food,fitness,movies",2025-05-22
245,User245,Block A,"hygiene,pets,food",2025-06-01
246,User246,Block D,"events,hygiene,food",2025-05-03
247,User247,Block B,"events,food,pets",2025-02-23
248,User248,Block B,"view,park,pets",2025-01-06
249,User249,Block D,"pets,view,food",2024-09-02
250,User250,Block C,"events,food,pets",2025-01-26
251,User251,Block B,"pets,movies,fitness",2024-11-21
252,User252,Block B,"events,pets,park",2025-03-19
253,User253,Block D,"events,shopping,hygiene",2024-12-10
254,User254,Block D,"movies,park,food",2025-03-21
255,User255,Block D,"food,movies,pets",2024-08-27
256,User256,Block A,"shopping,events,view",2025-07-21
257,User257,Block B,"shopping,food,park",2025-07-09
258,User258,Block D,"hygiene,shopping,park",2025-07-03
259,User259,Block A,"view,pets,fitness",2025-05-04
260,User260,Block C,"shopping,food,events",2024-09-22
261,User261,Block D,"shopping,food,fitness",2025-01-03
262,User262,Block A,"pets,events,movies",2025-08-06
263,User263,Block D,"movies,food,pets",2025-03-10
264,User264,Block C,"view,events,hygiene",2025-01-13
265,User265,Block A,"view,park,fitness",2024-09-05
266,User266,Block D,"shopping,view,park",2024-12-20
267,User267,Block B,"events,park,hygiene",2025-07-22
268,User268,Block C,"events,pets,shopping",2024-08-17
269,User269,Block D,"fitness,shopping,view",2024-09-28
270,User270,Block A,"shopping,park,fitness",2024-10-03
271,User271,Block B,"fitness,food,view",2025-02-13
272,User272,Block A,"hygiene,view,pets",2025-06-19
273,User273,Block C,"shopping,movies,food",2025-04-08
274,User274,Block B,"hygiene,events,shopping",2025-04-19
275,User275,Block A,"view,movies,food",2025-07-15
276,User276,Block A,"pets,view,events",2024-12-08
277,User277,Block A,"fitness,food,park",2025-07-01
278,User278,Block A,"hygiene,fitness,events",2024-08-22
279,User279,Block C,"hygiene,shopping,events",2025-06-22
280,User280,Block A,"view,food,events",2025-02-05
281,User281,Block C,"shopping,movies,hygiene",2025-03-08
282,User282,Block B,"fitness,view,movies",2025-01-29
283,User283,Block A,"food,shopping,pets",2025-07-02
284,User284,Block A,"pets,fitness,events",2025-06-02
285,User285,Block D,"events,view,shopping",2024-10-22
286,User286,Block B,"park,fitness,shopping",2025-04-20
287,User287,Block D,"food,events,movies",2025-06-10
288,User288,Block C,"movies,food,pets",2025-05-23
289,User289,Block B,"events,movies,food",2025-07-10
290,User290,Block A,"pets,movies,events",2025-01-21
291,User291,Block D,"shopping,hygiene,view",2025-04-09
292,User292,Block D,"park,shopping,fitness",2025-07-25
293,User293,Block D,"shopping,view,food",2025-01-01
294,User294,Block C,"events,movies,food",2024-11-17
295,User295,Block C,"events,hygiene,view",2024-09-04
296,User296,Block C,"hygiene,movies,food",2025-02-26
297,User297,Block D,"hygiene,view,movies",2025-02-23
298,User298,Block B,"pets,shopping,movies",2025-01-27
299,User299,Block B,"pets,fitness,food",2025-02-03
300,User300,Block A,"pets,fitness,park",2025-06-23
301,User301,Block B,"food,shopping,fitness",2024-11-15
302,User302,Block A,"pets,hygiene,park",2024-08-19
303,User303,Block A,"food,fitness,view",2025-05-01
304,User304,Block D,"park,view,fitness",2025-05-22
305,User305,Block C,"park,fitness,movies",2024-09-12
306,User306,Block C,"hygiene,pets,park",2025-01-06
307,User307,Block D,"fitness,events,shopping",2024-10-04
308,User308,Block B,"shopping,pets,view",2025-01-29
309,User309,Block A,"pets,events,park",2025-04-30
310,User310,Block B,"pets,movies,shopping",2024-10-11
311,User311,Block D,"shopping,view,pets",2024-10-16
312,User312,Block C,"food,hygiene,shopping",2025-04-30
313,User313,Block B,"park,shopping,movies",2024-10-30
314,User314,Block D,"shopping,fitness,view",2024-09-19
315,User315,Block C,"food,park,movies",2025-05-14
316,User316,Block A,"park,food,events",2025-02-19
317,User317,Block C,"food,hygiene,events",2025-05-12
318,User318,Block D,"park,events,shopping",2025-04-14
319,User319,Block C,"hygiene,events,shopping",2025-01-12
320,User320,Block A,"shopping,hygiene,fitness",2024-10-17
321,User321,Block C,"shopping,events,fitness",2024-09-27
322,User322,Block D,"shopping,food,view",2025-06-14
323,User323,Block D,"hygiene,movies,events",2024-09-02
324,User324,Block C,"view,pets,park",2025-01-24
325,User325,Block A,"fitness,pets,shopping",2025-05-01
326,User326,Block B,"pets,movies,shopping",2025-06-23
327,User327,Block B,"food,events,pets",2025-02-02
328,User328,Block A,"pets,hygiene,movies",2024-10-06
329,User329,Block D,"hygiene,movies,events",2025-08-15
330,User330,Block B,"fitness,park,pets",2025-08-05
331,User331,Block A,"view,hygiene,movies",2025-08-14
332,User332,Block B,"fitness,park,hygiene",2025-07-30
333,User333,Block B,"shopping,food,hygiene",2025-01-24
334,User334,Block C,"park,events,shopping",2024-11-04
335,User335,Block A,"events,pets,movies",2024-12-19
336,User336,Block C,"food,events,pets",2025-04-02
337,User337,Block C,"food,view,park",2025-07-29
338,User338,Block A,"movies,food,pets",2024-11-14
339,User339,Block A,"food,events,pets",2025-01-31
340,User340,Block B,"movies,shopping,park",2025-05-26
341,User341,Block A,"park,movies,pets",2025-07-12
342,User342,Block C,"events,pets,shopping",2024-10-05
343,User343,Block B,"fitness,events,movies",2024-10-30
344,User344,Block D,"hygiene,shopping,pets",2024-10-03
345,User345,Block B,"movies,food,park",2025-02-27
346,User346,Block B,"view,pets,food",2025-03-21
347,User347,Block D,"pets,hygiene,shopping",2024-12-01
348,User348,Block B,"events,pets,park",2025-04-17
349,User349,Block C,"pets,park,view",2024-11-25
350,User350,Block D,"events,view,shopping",2024-12-14
351,User351,Block B,"hygiene,fitness,movies",2024-11-23
352,User352,Block D,"events,pets,movies",2024-10-25
353,User353,Block A,"fitness,park,events",2024-10-06
354,User354,Block C,"movies,hygiene,view",2025-02-21
355,User355,Block A,"park,fitness,movies",2024-10-02
356,User356,Block C,"shopping,food,fitness",2024-11-17
357,User357,Block C,"park,movies,pets",2025-01-14
358,User358,Block A,"shopping,food,park",2024-10-20
359,User359,Block D,"shopping,hygiene,food",2025-08-04
360,User360,Block D,"fitness,park,shopping",2024-08-27
361,User361,Block C,"view,movies,park",2025-03-29
362,User362,Block B,"hygiene,food,view",2024-12-27
363,User363,Block B,"hygiene,events,view",2025-07-31
364,User364,Block B,"shopping,hygiene,park",2025-07-03
365,User365,Block C,"movies,hygiene,shopping",2024-10-21
366,User366,Block B,"food,shopping,movies",2025-01-02
367,User367,Block A,"pets,park,shopping",2025-04-17
368,User368,Block B,"food,movies,park",2024-10-31
369,User369,Block D,"pets,food,movies",2024-10-18
370,User370,Block C,"hygiene,park,shopping",2025-06-28
371,User371,Block B,"food,hygiene,shopping",2025-03-30
372,User372,Block C,"fitness,pets,park",2025-05-06
373,User373,Block B,"park,hygiene,food",2024-10-02
374,User374,Block D,"hygiene,shopping,fitness",2024-12-05
375,User375,Block C,"view,park,food",2024-10-09
376,User376,Block C,"pets,movies,hygiene",2025-07-18
377,User377,Block C,"pets,fitness,food",2025-08-14
378,User378,Block B,"movies,fitness,pets",2024-11-27
379,User379,Block A,"shopping,hygiene,view",2025-08-11
380,User380,Block B,"pets,events,view",2024-09-04
381,User381,Block C,"events,fitness,shopping",2025-06-04
382,User382,Block D,"shopping,food,park",2024-11-23
383,User383,Block C,"events,view,food",2024-10-12
384,User384,Block A,"park,hygiene,fitness",2024-08-28
385,User385,Block C,"shopping,food,hygiene",2024-09-13
386,User386,Block B,"fitness,park,view",2025-01-10
387,User387,Block A,"fitness,movies,food",2024-12-02
388,User388,Block A,"park,hygiene,fitness",2025-04-30
389,User389,Block C,"fitness,view,events",2025-02-27
390,User390,Block A,"pets,shopping,movies",2025-06-18
391,User391,Block A,"pets,food,hygiene",2024-12-19
392,User392,Block D,"hygiene,park,fitness",2025-04-19
393,User393,Block B,"shopping,view,fitness",2024-12-07
394,User394,Block B,"fitness,movies,pets",2024-11-04
395,User395,Block B,"movies,fitness,hygiene",2024-10-04
396,User396,Block D,"events,park,pets",2025-07-04
397,User397,Block B,"pets,view,food",2025-02-22
398,User398,Block B,"events,fitness,park",2024-10-29
399,User399,Block A,"view,food,events",2025-03-06
400,User400,Block D,"park,food,pets",2025-01-30
401,User401,Block B,"events,park,hygiene",2024-12-26
402,User402,Block B,"pets,view,movies",2025-03-16
403,User403,Block B,"food,fitness,view",2025-02-15
404,User404,Block A,"events,park,fitness",2025-02-15
405,User405,Block B,"hygiene,fitness,movies",2024-11-02
406,User406,Block A,"shopping,view,movies",2025-07-11
407,User407,Block C,"view,park,food",2025-08-03
408,User408,Block D,"hygiene,fitness,events",2024-09-30
409,User409,Block A,"view,fitness,shopping",2024-10-31
410,User410,Block D,"shopping,hygiene,movies",2025-04-24
411,User411,Block C,"view,food,pets",2025-04-10
412,User412,Block A,"park,hygiene,events",2025-02-09
413,User413,Block D,"pets,movies,park",2024-11-01
414,User414,Block D,"view,shopping,hygiene",2024-12-23
415,User415,Block D,"food,pets,fitness",2024-08-20
416,User416,Block D,"events,pets,shopping",2025-01-12
417,User417,Block A,"view,events,pets",2024-09-21
418,User418,Block B,"food,events,pets",2024-09-03
419,User419,Block A,"park,pets,events",2025-06-13
420,User420,Block D,"pets,view,shopping",2025-01-06
421,User421,Block A,"pets,movies,view",2025-01-05
422,User422,Block D,"shopping,view,pets",2024-09-28
423,User423,Block A,"park,fitness,movies",2025-06-30
424,User424,Block D,"movies,view,food",2024-12-26
425,User425,Block A,"movies,shopping,events",2024-09-22
426,User426,Block A,"pets,fitness,hygiene",2024-11-15
427,User427,Block D,"park,movies,fitness",2025-08-16
428,User428,Block C,"hygiene,view,shopping",2025-04-11
429,User429,Block D,"events,movies,view",2025-03-14
430,User430,Block D,"fitness,view,shopping",2024-10-06
431,User431,Block B,"park,view,events",2025-04-14
432,User432,Block C,"food,pets,shopping",2025-04-21
433,User433,Block C,"park,hygiene,view",2025-03-18
434,User434,Block D,"pets,food,hygiene",2025-08-03
435,User435,Block D,"pets,hygiene,shopping",2024-10-14
436,User436,Block A,"food,fitness,pets",2025-01-25
437,User437,Block B,"pets,fitness,food",2025-05-13
438,User438,Block A,"fitness,view,shopping",2025-03-02
439,User439,Block D,"park,pets,hygiene",2025-07-23
440,User440,Block A,"fitness,events,shopping",2025-04-05
441,User441,Block A,"view,movies,pets",2025-01-23
442,User442,Block A,"pets,movies,shopping",2025-08-11
443,User443,Block B,"events,food,park",2025-06-12
444,User444,Block C,"shopping,park,events",2025-05-28
445,User445,Block A,"shopping,events,food",2025-08-10
446,User446,Block D,"movies,shopping,fitness",2025-01-10
447,User447,Block A,"fitness,food,shopping",2025-03-09
448,User448,Block C,"movies,view,park",2024-10-10
449,User449,Block D,"view,movies,park",2025-01-21
450,User450,Block B,"food,park,fitness",2025-04-01
451,User451,Block B,"shopping,pets,hygiene",2025-06-21
452,User452,Block D,"pets,hygiene,fitness",2025-04-09
453,User453,Block D,"view,fitness,park",2025-03-14
454,User454,Block D,"hygiene,events,food",2025-05-09
455,User455,Block A,"hygiene,shopping,view",2025-03-01
456,User456,Block B,"events,shopping,view",2025-06-09
457,User457,Block C,"view,park,fitness",2025-07-26
458,User458,Block A,"fitness,hygiene,park",2025-01-29
459,User459,Block B,"park,fitness,hygiene",2025-06-29
460,User460,Block C,"park,events,pets",2025-02-14
461,User461,Block A,"events,park,food",2024-10-07
462,User462,Block A,"park,hygiene,food",2025-05-15
463,User463,Block B,"park,shopping,fitness",2024-09-02
464,User464,Block B,"park,view,fitness",2024-11-11
465,User465,Block C,"fitness,food,hygiene",2024-09-29
466,User466,Block A,"view,pets,park",2025-05-12
467,User467,Block A,"shopping,pets,events",2025-01-04
468,User468,Block D,"fitness,pets,food",2025-06-05
469,User469,Block D,"movies,fitness,food",2024-09-29
470,User470,Block D,"hygiene,park,shopping",2025-01-14
471,User471,Block C,"park,view,movies",2025-03-06
472,User472,Block C,"fitness,view,hygiene",2025-04-11
473,User473,Block A,"movies,pets,fitness",2025-03-30
474,User474,Block C,"shopping,fitness,park",2025-05-26
475,User475,Block B,"pets,events,fitness",2024-08-30
476,User476,Block A,"hygiene,movies,events",2025-04-25
477,User477,Block C,"shopping,pets,food",2024-09-18
478,User478,Block C,"movies,hygiene,shopping",2025-06-08
479,User479,Block A,"movies,fitness,shopping",2025-07-23
480,User480,Block B,"food,events,shopping",2025-01-24
481,User481,Block B,"events,pets,hygiene",2024-11-30
482,User482,Block A,"shopping,hygiene,view",2025-02-06
483,User483,Block B,"view,movies,hygiene",2025-03-02
484,User484,Block D,"events,fitness,view",2024-11-26
485,User485,Block B,"food,hygiene,fitness",2025-05-22
486,User486,Block C,"events,shopping,movies",2025-03-05
487,User487,Block B,"shopping,movies,fitness",2024-10-09
488,User488,Block A,"hygiene,food,view",2024-12-10
489,User489,Block A,"movies,park,events",2024-10-20
490,User490,Block A,"events,view,food",2025-05-06
491,User491,Block D,"pets,view,food",2025-05-15
492,User492,Block B,"food,view,movies",2025-08-06
493,User493,Block D,"movies,events,view",2025-02-16
494,User494,Block D,"view,shopping,food",2025-07-27
495,User495,Block B,"hygiene,shopping,park",2025-03-03
496,User496,Block D,"view,hygiene,pets",2025-04-24
497,User497,Block A,"pets,view,shopping",2025-02-01
498,User498,Block B,"movies,events,fitness",2024-10-25
499,User499,Block B,"park,pets,shopping",2025-08-08
500,User500,Block D,"movies,events,food",2025-02-06
501,User501,Block C,"hygiene,food,park",2025-03-23
502,User502,Block C,"pets,fitness,shopping",2025-02-11
503,User503,Block D,"food,park,events",2025-05-21
504,User504,Block D,"events,pets,food",2025-07-20
505,User505,Block C,"park,movies,shopping",2025-03-14
506,User506,Block D,"view,pets,shopping",2024-11-01
507,User507,Block C,"view,movies,food",2025-04-29
508,User508,Block A,"hygiene,events,fitness",2025-07-10
509,User509,Block A,"hygiene,park,fitness",2025-02-01
510,User510,Block D,"food,view,events",2025-03-24
511,User511,Block A,"view,movies,pets",2024-12-02
512,User512,Block C,"events,food,hygiene",2024-09-30
513,User513,Block C,"shopping,view,pets",2024-08-23
514,User514,Block B,"food,fitness,movies",2025-02-07
515,User515,Block C,"food,hygiene,fitness",2024-11-23
516,User516,Block A,"hygiene,view,food",2025-01-18
517,User517,Block C,"events,park,food",2025-05-30
518,User518,Block D,"pets,food,hygiene",2025-06-06
519,User519,Block A,"pets,fitness,events",2025-03-04
520,User520,Block B,"fitness,movies,pets",2025-06-16
521,User521,Block A,"food,fitness,events",2024-12-09
522,User522,Block D,"hygiene,view,park",2025-04-29
523,User523,Block A,"movies,hygiene,fitness",2025-05-05
524,User524,Block D,"movies,fitness,hygiene",2025-08-15
525,User525,Block B,"hygiene,food,park",2025-04-29
526,User526,Block A,"movies,pets,events",2025-06-17
527,User527,Block D,"events,fitness,movies",2025-04-11
528,User528,Block D,"food,hygiene,pets",2025-06-09
529,User529,Block C,"movies,pets,view",2024-09-13
530,User530,Block C,"pets,park,shopping",2025-03-22
531,User531,Block A,"fitness,pets,hygiene",2024-11-20
532,User532,Block D,"park,food,hygiene",2025-06-01
533,User533,Block D,"movies,view,hygiene",2025-04-08
534,User534,Block C,"shopping,pets,park",2025-05-20
535,User535,Block B,"shopping,view,food",2025-07-12
536,User536,Block B,"view,hygiene,shopping",2024-08-20
537,User537,Block B,"events,park,pets",2025-02-27
538,User538,Block C,"events,food,movies",2025-06-04
539,User539,Block C,"fitness,food,view",2024-11-21
540,User540,Block B,"park,pets,shopping",2025-06-19
541,User541,Block C,"hygiene,view,events",2025-08-16
542,User542,Block D,"view,pets,park",2024-12-14
543,User543,Block A,"fitness,food,movies",2025-03-21
544,User544,Block B,"park,shopping,fitness",2024-12-24
545,User545,Block A,"park,view,shopping",2024-11-26
546,User546,Block A,"pets,food,park",2025-07-19
547,User547,Block A,"events,pets,view",2025-04-10
548,User548,Block C,"events,shopping,park",2024-10-21
549,User549,Block B,"pets,park,food",2024-12-11
550,User550,Block D,"fitness,movies,view",2025-02-13
551,User551,Block D,"fitness,events,movies",2025-04-21
552,User552,Block C,"shopping,fitness,hygiene",2025-04-20
553,User553,Block C,"food,park,pets",2025-02-04
554,User554,Block C,"pets,food,fitness",2024-08-20
555,User555,Block C,"fitness,movies,events",2025-05-25
556,User556,Block D,"events,pets,food",2024-10-16
557,User557,Block A,"hygiene,events,view",2025-06-28
558,User558,Block D,"park,events,hygiene",2025-01-21
559,User559,Block B,"view,pets,fitness",2025-07-17
560,User560,Block A,"events,shopping,park",2025-03-29
561,User561,Block A,"fitness,shopping,events",2024-08-16
562,User562,Block C,"food,view,pets",2025-08-04
563,User563,Block C,"park,pets,food",2025-01-13
564,User564,Block A,"fitness,food,movies",2025-01-30
565,User565,Block B,"movies,shopping,events",2025-02-25
566,User566,Block C,"fitness,food,events",2024-10-18
567,User567,Block D,"movies,events,shopping",2025-04-19
568,User568,Block A,"park,movies,events",2025-02-27
569,User569,Block C,"movies,food,view",2025-06-27
570,User570,Block B,"movies,fitness,park",2024-11-19
571,User571,Block C,"events,movies,fitness",2025-02-11
572,User572,Block A,"fitness,food,shopping",2025-03-01
573,User573,Block D,"movies,food,hygiene",2025-07-15
574,User574,Block C,"pets,shopping,events",2024-11-28
575,User575,Block A,"events,view,movies",2025-07-09
576,User576,Block A,"events,movies,food",2025-07-01
577,User577,Block A,"movies,park,food",2024-10-16
578,User578,Block D,"hygiene,fitness,view",2025-03-09
579,User579,Block B,"view,food,events",2025-04-13
580,User580,Block A,"events,hygiene,shopping",2025-04-09
581,User581,Block C,"park,events,food",2025-07-25
582,User582,Block D,"view,movies,hygiene",2025-04-05
583,User583,Block B,"view,food,hygiene",2024-11-22
584,User584,Block A,"movies,view,events",2024-12-18
585,User585,Block C,"park,pets,view",2024-09-25
586,User586,Block C,"view,movies,food",2025-03-20
587,User587,Block A,"movies,fitness,shopping",2025-07-14
588,User588,Block C,"events,food,view",2024-09-12
589,User589,Block C,"events,hygiene,view",2025-04-06
590,User590,Block B,"movies,view,shopping",2024-10-26
591,User591,Block D,"fitness,shopping,view",2025-02-12
592,User592,Block B,"pets,hygiene,view",2024-09-01
593,User593,Block C,"movies,shopping,park",2024-12-22
594,User594,Block C,"pets,shopping,fitness",2024-10-06
595,User595,Block A,"view,hygiene,fitness",2024-12-05
596,User596,Block D,"food,fitness,movies",2025-04-20
597,User597,Block B,"movies,events,hygiene",2025-07-06
598,User598,Block A,"view,hygiene,park",2025-01-21
599,User599,Block C,"hygiene,food,view",2025-05-18
600,User600,Block B,"movies,events,hygiene",2024-10-01
601,User601,Block C,"view,movies,fitness",2025-03-01
602,User602,Block C,"hygiene,shopping,movies",2025-02-09
603,User603,Block C,"hygiene,food,park",2024-10-21
604,User604,Block A,"food,events,fitness",2025-07-14
605,User605,Block B,"movies,view,hygiene",2025-04-25
606,User606,Block B,"hygiene,food,shopping",2025-05-06
607,User607,Block A,"events,hygiene,view",2025-05-30
608,User608,Block D,"shopping,pets,park",2025-01-10
609,User609,Block A,"park,shopping,events",2025-01-28
610,User610,Block B,"park,pets,events",2025-06-27
611,User611,Block D,"view,fitness,park",2025-03-20
612,User612,Block C,"shopping,movies,fitness",2024-08-30
613,User613,Block D,"shopping,events,movies",2025-01-13
614,User614,Block C,"movies,food,pets",2024-12-30
615,User615,Block B,"park,fitness,hygiene",2024-11-18
616,User616,Block B,"hygiene,view,shopping",2025-08-07
617,User617,Block D,"events,park,view",2024-11-19
618,User618,Block A,"hygiene,movies,food",2025-03-20
619,User619,Block A,"shopping,view,fitness",2025-07-10
620,User620,Block A,"park,hygiene,food",2025-08-05
621,User621,Block B,"view,events,park",2025-07-12
622,User622,Block C,"events,pets,movies",2024-11-16
623,User623,Block B,"events,fitness,pets",2025-03-04
624,User624,Block B,"food,park,events",2024-09-26
625,User625,Block D,"park,movies,fitness",2024-10-07
626,User626,Block B,"movies,fitness,food",2025-03-30
627,User627,Block B,"movies,hygiene,events",2024-10-02
628,User628,Block B,"park,movies,shopping",2024-11-11
629,User629,Block A,"park,shopping,movies",2025-02-18
630,User630,Block D,"view,park,movies",2025-05-01
631,User631,Block B,"view,food,park",2025-02-25
632,User632,Block B,"pets,view,hygiene",2024-10-12
633,User633,Block D,"hygiene,movies,pets",2025-06-28
634,User634,Block D,"view,events,food",2025-03-05
635,User635,Block D,"movies,hygiene,food",2024-10-23
636,User636,Block A,"pets,fitness,food",2025-03-01
637,User637,Block A,"events,movies,hygiene",2025-05-28
638,User638,Block B,"events,movies,fitness",2025-04-24
639,User639,Block B,"movies,shopping,park",2025-02-05
640,User640,Block C,"pets,park,view",2025-03-24
641,User641,Block B,"events,pets,fitness",2025-02-17
642,User642,Block D,"events,fitness,park",2024-08-18
643,User643,Block C,"pets,events,movies",2024-10-06
644,User644,Block B,"view,park,shopping",2025-05-31
645,User645,Block C,"events,food,view",2024-09-05
646,User646,Block A,"food,movies,park",2024-10-14
647,User647,Block D,"movies,food,fitness",2025-04-09
648,User648,Block B,"pets,view,park",2025-02-13
649,User649,Block B,"hygiene,shopping,park",2025-04-28
650,User650,Block A,"food,movies,hygiene",2024-10-02
651,User651,Block C,"shopping,hygiene,park",2025-01-04
652,User652,Block A,"hygiene,movies,events",2024-10-10
653,User653,Block C,"movies,park,pets",2025-02-25
654,User654,Block A,"fitness,shopping,hygiene",2025-03-08
655,User655,Block A,"food,movies,fitness",2024-09-07
656,User656,Block C,"fitness,movies,shopping",2024-11-15
657,User657,Block D,"shopping,view,fitness",2024-11-14
658,User658,Block A,"shopping,pets,movies",2025-08-09
659,User659,Block C,"movies,hygiene,events",2024-09-05
660,User660,Block C,"park,view,hygiene",2025-04-08
661,User661,Block C,"park,shopping,fitness",2024-08-26
662,User662,Block D,"park,pets,fitness",2025-03-12
663,User663,Block A,"food,pets,movies",2025-04-24
664,User664,Block B,"shopping,food,pets",2025-02-27
665,User665,Block C,"shopping,events,food",2025-05-19
666,User666,Block A,"pets,view,movies",2025-02-22
667,User667,Block A,"food,fitness,pets",2025-02-24
668,User668,Block A,"shopping,events,view",2024-12-31
669,User669,Block D,"movies,pets,park",2025-05-07
670,User670,Block C,"events,movies,food",2025-01-26
671,User671,Block C,"pets,shopping,view",2025-04-26
672,User672,Block C,"movies,hygiene,fitness",2025-04-17
673,User673,Block D,"shopping,movies,park",2024-10-08
674,User674,Block B,"events,park,fitness",2025-05-21
675,User675,Block D,"events,view,park",2025-04-11
676,User676,Block B,"shopping,park,view",2025-01-31
677,User677,Block A,"fitness,movies,food",2024-09-06
678,User678,Block D,"fitness,shopping,park",2024-11-23
679,User679,Block B,"hygiene,park,view",2024-12-24
680,User680,Block D,"shopping,events,park",2025-01-25
681,User681,Block B,"park,view,pets",2024-10-31
682,User682,Block A,"view,hygiene,food",2025-06-28
683,User683,Block A,"fitness,events,park",2025-02-12
684,User684,Block C,"view,food,pets",2024-11-15
685,User685,Block B,"view,fitness,movies",2024-11-02
686,User686,Block A,"events,food,pets",2025-02-06
687,User687,Block D,"food,park,movies",2024-11-15
688,User688,Block A,"movies,view,pets",2025-04-26
689,User689,Block C,"movies,view,shopping",2025-05-20
690,User690,Block C,"hygiene,park,shopping",2024-11-22
691,User691,Block A,"movies,events,hygiene",2025-02-10
692,User692,Block C,"movies,food,park",2025-07-26
693,User693,Block B,"movies,events,hygiene",2025-08-14
694,User694,Block D,"view,food,park",2024-08-27
695,User695,Block D,"hygiene,events,view",2025-02-03
696,User696,Block B,"view,shopping,pets",2025-06-29
697,User697,Block A,"park,pets,view",2024-11-03
698,User698,Block B,"movies,pets,food",2024-09-07
699,User699,Block B,"events,food,pets",2025-07-21
700,User700,Block A,"food,shopping,events",2025-03-27
701,User701,Block D,"view,food,hygiene",2025-02-24
702,User702,Block A,"fitness,food,view",2025-04-15
703,User703,Block B,"fitness,pets,events",2025-05-09
704,User704,Block A,"pets,view,events",2024-12-16
705,User705,Block C,"events,food,movies",2024-09-08
706,User706,Block C,"fitness,food,hygiene",2025-05-26
707,User707,Block B,"view,movies,shopping",2024-11-29
708,User708,Block B,"pets,view,events",2025-01-05
709,User709,Block A,"view,pets,events",2025-04-02
710,User710,Block B,"food,shopping,view",2025-03-12
711,User711,Block D,"food,movies,pets",2025-05-10
712,User712,Block A,"view,hygiene,park",2025-05-01
713,User713,Block B,"events,pets,park",2025-04-07
714,User714,Block B,"park,shopping,events",2025-05-19
715,User715,Block C,"shopping,fitness,view",2025-02-13
716,User716,Block B,"pets,view,events",2024-11-06
717,User717,Block B,"food,events,pets",2024-09-19
718,User718,Block D,"view,movies,park",2025-02-08
719,User719,Block B,"pets,fitness,view",2024-11-13
720,User720,Block A,"fitness,park,food",2024-09-07
721,User721,Block D,"movies,events,view",2024-08-20
722,User722,Block D,"food,events,park",2024-12-27
723,User723,Block B,"hygiene,shopping,movies",2025-04-26
724,User724,Block D,"food,shopping,events",2024-09-19
725,User725,Block A,"pets,shopping,park",2024-12-23
726,User726,Block C,"movies,park,fitness",2025-06-26
727,User727,Block C,"events,hygiene,view",2024-12-06
728,User728,Block A,"view,fitness,park",2025-05-15
729,User729,Block B,"events,fitness,park",2025-04-16
730,User730,Block D,"park,movies,shopping",2025-03-14
731,User731,Block C,"view,fitness,shopping",2024-11-29
732,User732,Block A,"view,park,events",2025-02-13
733,User733,Block A,"hygiene,view,park",2024-11-06
734,User734,Block B,"events,shopping,fitness",2025-01-04
735,User735,Block A,"park,view,food",2025-01-29
736,User736,Block A,"pets,view,shopping",2024-12-07
737,User737,Block D,"hygiene,fitness,pets",2024-10-27
738,User738,Block B,"park,hygiene,view",2025-03-03
739,User739,Block D,"food,shopping,hygiene",2025-02-12
740,User740,Block A,"events,food,pets",2024-09-04
741,User741,Block A,"fitness,view,events",2025-06-11
742,User742,Block C,"park,events,shopping",2025-07-24
743,User743,Block B,"shopping,events,pets",2024-10-23
744,User744,Block A,"fitness,food,movies",2025-05-05
745,User745,Block B,"view,shopping,food",2024-12-17
746,User746,Block A,"fitness,shopping,pets",2024-10-29
747,User747,Block C,"shopping,events,movies",2025-03-11
748,User748,Block C,"pets,view,events",2025-01-04
749,User749,Block A,"food,view,fitness",2024-08-24
750,User750,Block D,"park,fitness,food",2025-07-04
751,User751,Block A,"events,food,pets",2025-02-27
752,User752,Block B,"shopping,events,park",2025-05-14
753,User753,Block A,"park,pets,view",2025-06-27
754,User754,Block D,"pets,food,park",2025-01-18
755,User755,Block A,"fitness,hygiene,pets",2025-03-28
756,User756,Block D,"park,movies,events",2024-12-10
757,User757,Block C,"events,hygiene,fitness",2025-02-02
758,User758,Block D,"events,pets,food",2025-04-24
759,User759,Block C,"fitness,park,events",2024-11-10
760,User760,Block D,"movies,hygiene,fitness",2024-08-25
761,User761,Block C,"fitness,food,hygiene",2025-04-11
762,User762,Block D,"movies,hygiene,shopping",2024-10-25
763,User763,Block B,"view,hygiene,pets",2025-03-13
764,User764,Block D,"pets,park,events",2025-05-22
765,User765,Block D,"food,hygiene,shopping",2025-08-10
766,User766,Block A,"fitness,movies,pets",2025-04-05
767,User767,Block C,"view,movies,fitness",2024-10-31
768,User768,Block B,"movies,food,pets",2025-05-17
769,User769,Block D,"food,park,events",2025-04-10
770,User770,Block D,"pets,view,food",2025-02-10
771,User771,Block A,"events,movies,food",2024-12-22
772,User772,Block A,"fitness,view,park",2025-06-27
773,User773,Block D,"food,view,pets",2025-02-20
774,User774,Block A,"shopping,hygiene,view",2025-03-16
775,User775,Block A,"movies,events,hygiene",2024-10-21
776,User776,Block A,"park,food,movies",2025-03-29
777,User777,Block D,"hygiene,view,food",2025-04-25
778,User778,Block A,"view,events,fitness",2025-04-06
779,User779,Block B,"events,hygiene,view",2025-03-28
780,User780,Block B,"view,hygiene,shopping",2024-08-28
781,User781,Block C,"view,fitness,food",2025-04-08
782,User782,Block D,"hygiene,events,pets",2024-12-11
783,User783,Block A,"food,shopping,pets",2025-06-11
784,User784,Block D,"view,movies,events",2024-10-05
785,User785,Block D,"events,hygiene,fitness",2025-08-09
786,User786,Block B,"events,movies,shopping",2024-11-02
787,User787,Block B,"food,events,park",2024-12-29
788,User788,Block D,"view,movies,events",2025-02-07
789,User789,Block C,"shopping,food,view",2024-11-12
790,User790,Block D,"hygiene,park,fitness",2024-10-10
791,User791,Block A,"shopping,fitness,pets",2025-04-10
792,User792,Block B,"fitness,view,hygiene",2024-10-26
793,User793,Block A,"movies,pets,events",2025-06-02
794,User794,Block B,"view,hygiene,fitness",2025-03-17
795,User795,Block A,"fitness,food,events",2025-05-05
796,User796,Block B,"park,food,shopping",2024-12-12
797,User797,Block A,"park,fitness,food",2025-04-13
798,User798,Block A,"food,fitness,pets",2024-09-02
799,User799,Block C,"shopping,fitness,pets",2025-04-06
800,User800,Block A,"fitness,park,pets",2025-07-06
801,User801,Block C,"events,fitness,hygiene",2025-07-23
802,User802,Block A,"pets,movies,food",2025-07-18
803,User803,Block C,"pets,events,fitness",2024-09-08
804,User804,Block D,"events,shopping,view",2024-08-22
805,User805,Block A,"view,hygiene,food",2025-05-02
806,User806,Block A,"park,pets,view",2024-11-27
807,User807,Block A,"shopping,fitness,view",2025-02-28
808,User808,Block B,"park,view,shopping",2024-08-24
809,User809,Block B,"pets,events,hygiene",2025-01-07
810,User810,Block D,"movies,food,view",2024-12-22
811,User811,Block B,"hygiene,park,fitness",2025-07-28
812,User812,Block A,"fitness,park,view",2025-05-21
813,User813,Block D,"events,pets,hygiene",2025-05-09
814,User814,Block B,"events,movies,hygiene",2025-06-10
815,User815,Block C,"events,movies,shopping",2025-07-02
816,User816,Block D,"events,food,pets",2025-05-17
817,User817,Block B,"view,food,events",2025-04-30
818,User818,Block C,"movies,fitness,shopping",2024-11-01
819,User819,Block D,"park,pets,shopping",2024-08-16
820,User820,Block B,"movies,shopping,pets",2024-11-04
821,User821,Block A,"movies,park,hygiene",2025-03-13
822,User822,Block B,"shopping,events,pets",2025-05-22
823,User823,Block B,"movies,view,park",2025-01-17
824,User824,Block C,"pets,hygiene,food",2024-12-19
825,User825,Block D,"food,pets,shopping",2025-06-07
826,User826,Block C,"food,movies,park",2025-04-13
827,User827,Block C,"events,park,hygiene",2024-12-25
828,User828,Block C,"shopping,view,movies",2025-04-20
829,User829,Block A,"shopping,view,fitness",2024-09-10
830,User830,Block A,"fitness,shopping,food",2025-03-15
831,User831,Block B,"pets,movies,fitness",2024-12-29
832,User832,Block C,"food,fitness,pets",2025-04-21
833,User833,Block D,"park,fitness,food",2024-11-25
834,User834,Block C,"hygiene,events,movies",2025-01-08
835,User835,Block C,"shopping,view,park",2025-02-24
836,User836,Block D,"hygiene,food,shopping",2025-01-25
837,User837,Block A,"movies,pets,food",2025-01-26
838,User838,Block A,"food,movies,pets",2024-11-15
839,User839,Block C,"hygiene,shopping,movies",2025-04-06
840,User840,Block A,"park,pets,view",2024-12-11
841,User841,Block C,"food,movies,park",2024-08-29
842,User842,Block C,"food,events,pets",2024-12-29
843,User843,Block C,"events,fitness,movies",2025-08-15
844,User844,Block D,"fitness,park,food",2025-04-01
845,User845,Block B,"view,events,shopping",2025-05-07
846,User846,Block C,"movies,food,pets",2025-05-18
847,User847,Block C,"events,pets,food",2025-07-20
848,User848,Block C,"fitness,hygiene,movies",2025-04-09
849,User849,Block B,"hygiene,shopping,food",2024-12-02
850,User850,Block B,"movies,view,food",2024-12-10
851,User851,Block C,"food,hygiene,movies",2025-08-14
852,User852,Block B,"fitness,events,park",2025-03-03
853,User853,Block B,"food,park,shopping",2024-10-09
854,User854,Block C,"pets,park,hygiene",2024-12-27
855,User855,Block A,"food,pets,shopping",2025-04-08
856,User856,Block C,"pets,hygiene,movies",2025-07-21
857,User857,Block C,"pets,food,movies",2025-01-31
858,User858,Block A,"fitness,park,movies",2025-02-02
859,User859,Block C,"events,view,park",2024-08-30
860,User860,Block D,"hygiene,events,movies",2025-04-06
861,User861,Block B,"hygiene,movies,pets",2024-10-28
862,User862,Block B,"shopping,pets,park",2025-05-31
863,User863,Block D,"events,movies,view",2025-02-03
864,User864,Block B,"hygiene,pets,view",2024-08-20
865,User865,Block B,"food,events,shopping",2025-04-11
866,User866,Block D,"pets,view,fitness",2025-03-16
867,User867,Block C,"movies,view,food",2025-06-15
868,User868,Block A,"park,pets,food",2025-04-08
869,User869,Block C,"view,fitness,pets",2025-05-04
870,User870,Block B,"park,view,fitness",2024-08-21
871,User871,Block C,"events,view,movies",2025-05-27
872,User872,Block D,"fitness,pets,events",2024-09-04
873,User873,Block C,"fitness,shopping,movies",2024-12-28
874,User874,Block C,"movies,fitness,food",2025-03-14
875,User875,Block A,"shopping,movies,view",2024-10-31
876,User876,Block D,"hygiene,park,movies",2025-06-29
877,User877,Block D,"park,shopping,movies",2024-11-11
878,User878,Block C,"fitness,hygiene,shopping",2025-07-22
879,User879,Block C,"food,park,events",2025-04-08
880,User880,Block A,"view,movies,food",2025-08-13
881,User881,Block D,"pets,fitness,movies",2025-05-13
882,User882,Block D,"fitness,hygiene,movies",2025-05-20
883,User883,Block D,"food,fitness,pets",2025-05-30
884,User884,Block B,"food,pets,fitness",2025-07-05
885,User885,Block C,"events,view,shopping",2024-08-23
886,User886,Block A,"pets,fitness,events",2025-05-17
887,User887,Block A,"park,fitness,movies",2024-09-19
888,User888,Block B,"events,food,hygiene",2025-02-01
889,User889,Block B,"view,fitness,park",2024-09-30
890,User890,Block A,"food,hygiene,shopping",2025-02-08
891,User891,Block C,"food,pets,view",2025-07-22
892,User892,Block D,"park,shopping,food",2025-01-25
893,User893,Block B,"view,fitness,pets",2025-05-01
894,User894,Block D,"events,view,pets",2025-07-21
895,User895,Block B,"shopping,fitness,food",2025-02-03
896,User896,Block B,"fitness,pets,shopping",2025-07-15
897,User897,Block D,"movies,food,fitness",2025-01-28
898,User898,Block C,"movies,events,view",2024-10-08
899,User899,Block C,"fitness,movies,park",2025-02-23
900,User900,Block B,"events,fitness,park",2024-10-19
901,User901,Block B,"events,food,shopping",2024-11-26
902,User902,Block B,"movies,hygiene,view",2024-11-19
903,User903,Block A,"food,park,movies",2025-05-12
904,User904,Block A,"fitness,park,pets",2025-04-30
905,User905,Block B,"pets,movies,events",2025-04-15
906,User906,Block A,"hygiene,pets,view",2024-08-21
907,User907,Block A,"fitness,park,shopping",2024-09-10
908,User908,Block C,"shopping,hygiene,fitness",2025-07-13
909,User909,Block A,"hygiene,shopping,pets",2024-08-31
910,User910,Block C,"view,events,park",2024-10-05
911,User911,Block C,"shopping,events,pets",2024-10-10
912,User912,Block C,"hygiene,events,shopping",2025-01-03
913,User913,Block C,"movies,events,food",2025-05-01
914,User914,Block B,"movies,hygiene,pets",2025-04-26
915,User915,Block C,"food,pets,hygiene",2024-08-20
916,User916,Block A,"view,park,hygiene",2025-03-16
917,User917,Block D,"movies,hygiene,shopping",2025-07-10
918,User918,Block B,"pets,park,food",2024-10-14
919,User919,Block D,"movies,park,events",2024-11-13
920,User920,Block C,"food,pets,events",2025-05-12
921,User921,Block D,"movies,food,events",2025-05-06
922,User922,Block D,"park,hygiene,movies",2024-10-18
923,User923,Block A,"movies,park,shopping",2024-09-14
924,User924,Block A,"fitness,food,view",2025-04-03
925,User925,Block C,"pets,shopping,park",2025-05-31
926,User926,Block A,"movies,view,hygiene",2024-09-18
927,User927,Block D,"movies,hygiene,shopping",2025-02-22
928,User928,Block A,"shopping,events,movies",2025-03-04
929,User929,Block B,"events,view,park",2025-04-21
930,User930,Block B,"park,view,pets",2024-11-02
931,User931,Block C,"hygiene,fitness,events",2024-09-05
932,User932,Block B,"shopping,hygiene,pets",2025-04-02
933,User933,Block C,"pets,view,food",2025-06-05
934,User934,Block D,"park,food,events",2024-08-28
935,User935,Block C,"movies,events,view",2025-03-02
936,User936,Block D,"shopping,hygiene,events",2024-12-16
937,User937,Block A,"shopping,events,park",2024-11-19
938,User938,Block B,"hygiene,view,movies",2025-01-01
939,User939,Block B,"fitness,movies,events",2025-03-30
940,User940,Block C,"hygiene,park,pets",2024-12-12
941,User941,Block B,"food,park,events",2025-06-21
942,User942,Block A,"pets,fitness,view",2025-02-15
943,User943,Block B,"shopping,events,view",2025-06-30
944,User944,Block C,"food,movies,view",2025-02-04
945,User945,Block D,"view,shopping,fitness",2024-12-19
946,User946,Block B,"pets,events,fitness",2025-07-01
947,User947,Block C,"hygiene,events,view",2025-06-18
948,User948,Block D,"pets,movies,shopping",2025-08-08
949,User949,Block C,"food,pets,events",2025-08-06
950,User950,Block A,"fitness,view,pets",2025-03-03
951,User951,Block A,"hygiene,view,food",2025-08-02
952,User952,Block B,"events,hygiene,fitness",2025-07-23
953,User953,Block A,"events,pets,fitness",2024-11-17
954,User954,Block B,"shopping,food,events",2025-07-27
955,User955,Block C,"view,park,movies",2025-08-08
956,User956,Block A,"food,park,pets",2024-09-07
957,User957,Block D,"shopping,events,fitness",2025-04-29
958,User958,Block C,"events,park,movies",2025-01-03
959,User959,Block C,"events,park,movies",2025-07-27
960,User960,Block C,"movies,hygiene,food",2025-03-14
961,User961,Block C,"park,view,fitness",2025-02-23
962,User962,Block D,"shopping,park,pets",2024-11-02
963,User963,Block D,"pets,events,movies",2024-09-08
964,User964,Block C,"events,hygiene,movies",2024-10-08
965,User965,Block B,"movies,view,park",2025-08-08
966,User966,Block C,"pets,movies,events",2024-12-31
967,User967,Block C,"pets,hygiene,shopping",2025-05-12
968,User968,Block D,"movies,fitness,events",2024-08-23
969,User969,Block A,"view,events,food",2025-02-04
970,User970,Block D,"food,view,fitness",2025-06-24
971,User971,Block A,"events,food,hygiene",2024-08-29
972,User972,Block A,"view,food,pets",2025-05-27
973,User973,Block C,"events,park,fitness",2025-03-22
974,User974,Block D,"movies,fitness,park",2025-02-27
975,User975,Block C,"shopping,view,food",2024-11-21
976,User976,Block B,"park,shopping,view",2025-05-12
977,User977,Block C,"view,park,events",2024-10-11
978,User978,Block B,"movies,events,shopping",2025-01-19
979,User979,Block A,"pets,movies,shopping",2024-10-05
980,User980,Block B,"movies,events,food",2024-12-28
981,User981,Block C,"park,pets,shopping",2025-05-18
982,User982,Block D,"movies,fitness,view",2024-08-16
983,User983,Block B,"food,pets,fitness",2025-01-11
984,User984,Block A,"hygiene,fitness,movies",2025-01-29
985,User985,Block A,"movies,view,park",2024-08-22
986,User986,Block D,"hygiene,view,park",2025-05-09
987,User987,Block A,"events,fitness,pets",2025-02-01
988,User988,Block D,"pets,fitness,movies",2025-04-21
989,User989,Block A,"hygiene,food,fitness",2025-08-06
990,User990,Block C,"fitness,shopping,food",2024-09-20
991,User991,Block C,"view,movies,fitness",2025-04-16
992,User992,Block A,"food,shopping,fitness",2024-10-15
993,User993,Block A,"events,hygiene,movies",2025-04-10
994,User994,Block B,"park,shopping,fitness",2024-09-03
995,User995,Block A,"pets,movies,fitness",2025-03-01
996,User996,Block B,"movies,park,view",2025-01-10
997,User997,Block C,"movies,shopping,view",2025-07-05
998,User998,Block A,"movies,view,hygiene",2024-12-08
999,User999,Block A,"park,shopping,view",2025-05-08
1000,User1000,Block A,"events,park,fitness",2024-10-18
